{
  "train_losses": [
    0.32316524712812333,
    0.235817351008928,
    0.20313453825101965,
    0.17941420409020292,
    0.15905311547968753,
    0.13222691723731933,
    0.11141307917842395,
    0.0964287788528338,
    0.08124503570210888,
    0.07246948510196513,
    0.06561117041203139,
    0.05498919341153904,
    0.05088288403268923,
    0.03893529876395838,
    0.035022018831956235,
    0.03288969605229179,
    0.032122430858502866,
    0.03134820209683668,
    0.034400218029823106,
    0.027073185308682413,
    0.025007263890796504
  ],
  "val_losses": [
    0.21764698069697866,
    0.21075959394996366,
    0.20911265273268023,
    0.2000356954522431,
    0.19845088264749697,
    0.19528214423917234,
    0.2638728707485522,
    0.2015790365015467,
    0.30050641755224206,
    0.2858141343846607,
    0.29415540578581084,
    0.25465137633727863,
    0.45627444685063284,
    0.3345329773922761,
    0.3711307912211244,
    0.3844539499647605,
    0.3876265574169035,
    0.33663657429860905,
    0.3873742482198092,
    0.3943887962959707,
    0.4833106926901867
  ],
  "val_aucs": [
    0.9694485132755529,
    0.970716754712059,
    0.9752415299275013,
    0.9766093622481806,
    0.9773778865933043,
    0.9774096146625983,
    0.9772086702237358,
    0.9797698304839765,
    0.9766543103463471,
    0.9772166022410592,
    0.9768120693575595,
    0.9763431990002133,
    0.9723789530089667,
    0.9774783588127357,
    0.974787642269544,
    0.9761616439370304,
    0.9734312673072212,
    0.9791176423929311,
    0.9750679068816419,
    0.9762629974917199,
    0.9779666185457615
  ],
  "val_aps": [
    0.9690261125548881,
    0.970656080920404,
    0.9761077381901846,
    0.9769253552467663,
    0.9776671838391452,
    0.9746390834788462,
    0.9738583341694558,
    0.9744956629150341,
    0.9739837213351149,
    0.9745636083615873,
    0.9741558289946932,
    0.9734622289322316,
    0.9687808698102506,
    0.9759314547855331,
    0.9737539798410841,
    0.9760560483497308,
    0.9747010153046546,
    0.9795634384526578,
    0.9750763075587361,
    0.9770786102104343,
    0.9767204576274972
  ]
}